date,tag,questions_count
2025-11-01,android,7
2025-11-01,flutter,6
2025-11-01,ios,3
2025-11-02,android,3
2025-11-02,ios,1
2025-11-03,android,14
2025-11-03,flutter,8
2025-11-03,ios,9
2025-11-04,android,10
2025-11-04,flutter,2
2025-11-04,ios,7
2025-11-05,android,17
2025-11-05,flutter,10
2025-11-05,ios,6
2025-11-06,android,6
2025-11-06,flutter,7
2025-11-06,ios,7
2025-11-07,android,9
2025-11-07,flutter,2
2025-11-07,ios,2
2025-11-08,android,5
2025-11-08,flutter,3
2025-11-08,ios,2
2025-11-09,android,5
2025-11-09,flutter,2
2025-11-09,ios,1
2025-11-10,android,8
2025-11-10,flutter,5
2025-11-10,ios,5
2025-11-11,android,10
2025-11-11,flutter,9
2025-11-11,ios,6
2025-11-12,android,6
2025-11-12,flutter,4
2025-11-12,ios,8
2025-11-13,android,9
2025-11-13,flutter,3
2025-11-13,ios,3
2025-11-14,android,9
2025-11-14,flutter,3
2025-11-14,ios,10
2025-11-15,android,13
2025-11-15,flutter,6
2025-11-15,ios,3
2025-11-16,android,2
2025-11-16,ios,2
2025-11-17,android,7
2025-11-17,flutter,3
2025-11-17,ios,5
2025-11-18,android,9
2025-11-18,flutter,4
2025-11-18,ios,8
2025-11-19,android,11
2025-11-19,flutter,8
2025-11-19,ios,5
2025-11-20,android,5
2025-11-20,flutter,4
2025-11-20,ios,9
2025-11-21,android,8
2025-11-21,flutter,1
2025-11-22,android,5
2025-11-22,flutter,3
2025-11-22,ios,1
2025-11-23,android,5
2025-11-23,flutter,2
2025-11-23,ios,5
2025-11-24,android,9
2025-11-24,flutter,5
2025-11-24,ios,8
2025-11-25,android,7
2025-11-25,flutter,9
2025-11-25,ios,8
2025-11-26,android,12
2025-11-26,flutter,5
2025-11-26,ios,8
2025-11-27,android,8
2025-11-27,flutter,5
2025-11-27,ios,6
2025-11-28,android,8
2025-11-28,flutter,4
2025-11-28,ios,3
2025-11-29,android,3
2025-11-29,flutter,3
2025-11-29,ios,1
2025-11-30,android,6
2025-11-30,flutter,2
2025-11-30,ios,1
2025-12-01,android,8
2025-12-01,flutter,5
2025-12-01,ios,5
2025-12-02,android,14
2025-12-02,flutter,8
2025-12-02,ios,6
2025-12-03,android,13
2025-12-03,flutter,5
2025-12-03,ios,6
2025-12-04,android,8
2025-12-04,flutter,5
2025-12-04,ios,4
2025-12-05,android,4
2025-12-05,flutter,2
2025-12-05,ios,4
2025-12-06,android,2
2025-12-06,flutter,2
2025-12-06,ios,2
2025-12-07,android,4
2025-12-07,ios,3
2025-12-08,android,2
2025-12-08,flutter,3
2025-12-08,ios,2
2025-12-09,android,11
2025-12-09,flutter,6
2025-12-09,ios,6
2025-12-10,android,13
2025-12-10,flutter,7
2025-12-10,ios,5
2025-12-11,android,4
2025-12-11,flutter,4
2025-12-11,ios,5
2025-12-12,android,3
2025-12-12,flutter,2
2025-12-12,ios,8
2025-12-13,android,3
2025-12-13,flutter,3
2025-12-13,ios,2
2025-12-14,android,2
2025-12-14,flutter,2
2025-12-14,ios,2
2025-12-15,android,6
2025-12-15,flutter,2
2025-12-15,ios,6
2025-12-16,android,9
2025-12-16,flutter,6
2025-12-16,ios,1
2025-12-17,android,9
2025-12-17,flutter,4
2025-12-17,ios,6
2025-12-18,android,12
2025-12-18,flutter,4
2025-12-18,ios,7
2025-12-19,android,5
2025-12-19,flutter,5
2025-12-19,ios,11
2025-12-20,android,7
2025-12-20,flutter,4
2025-12-20,ios,4
2025-12-21,android,4
2025-12-22,android,9
2025-12-22,flutter,2
2025-12-22,ios,3
2025-12-23,android,12
2025-12-23,flutter,3
2025-12-23,ios,6
2025-12-24,android,4
2025-12-24,flutter,4
2025-12-24,ios,7
2025-12-25,android,2
2025-12-25,flutter,2
2025-12-26,android,2
2025-12-26,flutter,2
2025-12-26,ios,5
2025-12-27,android,3
2025-12-27,flutter,1
2025-12-27,ios,3
2025-12-28,android,2
2025-12-28,flutter,5
2025-12-28,ios,3
2025-12-29,android,6
2025-12-29,flutter,2
2025-12-29,ios,4
2025-12-30,android,12
2025-12-30,flutter,6
2025-12-30,ios,3
2025-12-31,android,5
2025-12-31,flutter,1
2025-12-31,ios,4
